code,type,parent_code,parent_type
root,report,NULL,NULL
10,asset,root,report
11,asset,root,report
12,building,10,asset
13,building,10,asset
16,building_address,13,building
17,building_address,13,building
18,rental_unit,16,building_address
19,rental_unit,16,building_address
20,rental_unit,16,building_address
21,rental_unit,16,building_address
22,rental_unit,17,building_address
23,rental_unit,17,building_address
24,rental_unit,17,building_address
25,lease,11,asset
26,lease,11,asset
27,lease,11,asset
